Keyword,Relevancy,Min Monthly Volume,Max Monthly Volume,Specific Monthly Volume
ventures,5,1701,2900,1739.97204
ventures definition,5,201,500,251.9191657
ventures songs,5,101,200,111.4695512
ventures band,5,0,10,0
ventures meaning,5,11,50,27.24240562
ventures ffxiv,5,11,50,23.54436116
ventures arcade,5,0,10,10.5370846
ventures synonym,5,51,100,82.43667792
ventures music,5,0,10,0
the ventures songs,5,101,200,184.6835337
the ventures website,5,0,10,0
the ventures members,5,51,100,55.34579958
ventures apache,5,0,10,0
the ventures,5,2901,4300,3287.717874
don wilson ventures,5,11,50,46.85480075
ventures seattle,5,51,100,91.92299653
leon taylor drummer,5,0,10,0
the ventures album covers,5,0,10,0
the ventures youtube,5,0,10,0
apache ventures 1964,5,0,10,0
ventures album covers,5,0,10,0
the ventures greatest hits,5,11,50,27.24240562
who were the original ventures,5,n/a,n/a,n/a
the ventures wiki,5,0,10,0
venture forth meaning,5,0,10,0
ventures business,5,n/a,n/a,n/a
bob spalding,5,0,10,0
apache ventures original,5,0,10,0
ventures surf music,5,0,10,0
the ventures tour 2018,5,0,10,0
venture website,5,0,10,0
songs by the ventures,5,0,10,1
youtube ventures pipeline,5,0,10,0
ventures music free download,5,n/a,n/a,n/a
the ventures tour 2017,5,0,10,0
the ventures walk don't run,5,201,500,310.3348284
ventures drummer,5,11,50,23.54436116
ventures new album,5,0,10,0
ventures orientation,5,n/a,n/a,n/a
venture band,5,0,10,0
ventures walk don't run,5,101,200,101.6055892
ventures unlimited inc,5,0,10,0
the venture,5,11,50,30.89866149
ventures in concert,5,0,10,0
ventures fan club,5,n/a,n/a,n/a
ventures youtube,5,0,10,0
ventures pipeline,5,0,10,1
ventures store,5,0,10,0
venture,5,11501,30300,11725.34187
venture into,5,0,10,0
the ventures albums,5,11,50,30.89866149
ventures tribute band,5,n/a,n/a,n/a
google ventures jobs,5,0,10,0
the ventures new album,5,0,10,0
free download ventures instrumental music,5,n/a,n/a,n/a
the ventures first album,5,0,10,0
the ventures the album that never was 1,5,n/a,n/a,n/a
the ventures band videos,5,n/a,n/a,n/a
the ventures best songs,5,0,10,0
the ventures the ventures,5,0,10,0
the ventures apache,5,101,200,142.0282905
the ventures telstar,5,101,200,163.1089219
the ventures pipeline,5,201,500,346.2539619
venture business,5,0,10,0
pipeline song download,5,n/a,n/a,n/a
pipeline ventures mp3 download,5,n/a,n/a,n/a
the ventures greatest hits free download,5,n/a,n/a,n/a
history of the ventures,5,n/a,n/a,n/a
the ventures the ventures greatest hits songs,5,n/a,n/a,n/a
the ventures bio,5,n/a,n/a,n/a
the ventures greatest hits youtube,5,n/a,n/a,n/a
the ventures youtube videos,5,n/a,n/a,n/a
the ventures discography,5,11,50,30.89866149
don wilson ventures biography,5,11,50,27.24240562
ventures pizza,5,0,10,0
venture bros,5,9301,11500,11075.49648
venturing into meaning,5,n/a,n/a,n/a
best ventures albums,5,n/a,n/a,n/a
ventures esl,5,11,50,27.24240562
what venture means?,5,0,10,0
the ventures 10 great songs,5,n/a,n/a,n/a
what are ventures in business?,5,n/a,n/a,n/a
how do venture funds work?,5,n/a,n/a,n/a
venture meaning,5,501,850,825.311328
venture synonym,5,851,1700,935.0722387
ventured out meaning,5,0,10,0
ventured meaning,5,11,50,23.54436116
ventures album,5,0,10,0
the ventures band members,5,0,10,0
the ventures best of the ventures,5,0,10,0
the ventures rebel rouser,5,0,10,0
videos musicales the ventures,5,n/a,n/a,n/a
ventures medley,5,0,10,0
howie johnson drummer,5,0,10,0
venture out meaning,5,0,10,1
the ventures on youtube,5,0,10,0
ventures guitarist,5,51,100,73.16401442
venture vs adventure,5,51,100,82.43667792
the ventures 2018,5,0,10,1
gerry mcgee,5,501,850,520.7585902
venture music,5,0,10,0
venture definition business,5,11,50,23.54436116
ventures first album,5,0,10,0
ventures billboard hits,5,0,10,0
the ventures current lineup,5,0,10,0
business venture definition,5,101,200,184.6835337
the ventures tour,5,11,50,27.24240562
business venture meaning,5,11,50,23.54436116
venture meaning in tamil,5,11,50,27.24240562
don wilson of the ventures,5,0,10,0
the ventures surfing,5,0,10,10.5370846
the ventures fan club,5,n/a,n/a,n/a
ventures blog,5,n/a,n/a,n/a
experience ventures,5,0,10,0
pioneer square labs portfolio,5,n/a,n/a,n/a
pioneer square labs companies,5,0,10,0
psl studio,5,0,10,1
the ventures news,5,n/a,n/a,n/a
the ventures guitars,5,0,10,0
the ventures allmusic,5,0,10,0
venture etymology,5,11,50,27.24240562
the ventures guitar,5,51,100,91.92299653
the ventures 2000 pound bee,5,0,10,0
youtube music walk don't run ventures,5,0,10,0
wiki ventures,5,0,10,0
venture into synonym,5,0,10,1
the ventures rock and roll hall of fame,5,0,10,0
youtube the ventures,5,0,10,0
drummer for the ventures,5,0,10,0
don wilson the ventures,5,0,10,0
meaning of venture in entrepreneurship,5,0,10,1
ventures.com,5,0,10,0
play guitar with the ventures,5,0,10,1
venture thesaurus,5,0,10,0
you tube the ventures,5,0,10,0
ventures lead guitar,5,0,10,0
the ventures surf music,5,51,100,64.12552706
the ventures group,5,0,10,1
venture english,5,0,10,0
theventures,5,0,10,0
skip moore ventures,5,0,10,0
gerry mcgee wikipedia,5,0,10,0
bring up the ventures,4,0,10,0
venture definition,4,501,850,771.0899143
ventures music group,4,0,10,0
pioneer square labs venture fund,4,n/a,n/a,n/a
the ventures pipeline mp3,4,n/a,n/a,n/a
walk don't run the ventures greatest hits,4,n/a,n/a,n/a
venture out synonym,4,0,10,0
venture forth crossword,4,0,10,0
venturess,4,0,10,0
venture verb,4,0,10,10.5370846
venture squad definition,4,0,10,0
commercial venture history definition,4,0,10,0
venture cash,4,n/a,n/a,n/a
new venture definition,4,0,10,0
career venture definition,4,0,10,0
venturist definition,4,0,10,0
ventures music youtube,4,0,10,0
ventures christmas album wiki,4,n/a,n/a,n/a
venture meaning in hindi,4,n/a,n/a,n/a
definition of ventured,4,11,50,23.54436116
venture seattle,4,0,10,0
venture in a sentence,4,11,50,30.89866149
the ventures band,4,11,50,23.54436116
business venture synonym,4,0,10,1
ventures meaning in english,4,n/a,n/a,n/a
the ventures music,4,0,10,0
ventures band members,4,0,10,0
don wilson musician,4,101,200,163.1089219
youtube the ventures pipeline,4,0,10,0
current ventures band,4,0,10,0
members of the ventures,4,11,50,23.54436116
the ventures golden greats songs,4,11,50,27.24240562
the ventures official,4,n/a,n/a,n/a
the ventures sleep walk,4,51,100,64.12552706
what is another word for venture?,4,n/a,n/a,n/a
venturas band,4,11,50,23.54436116
the ventures shirt,3,0,10,0
why joe barile left the ventures,3,0,10,0
ventures instrumental music,3,0,10,0
venture music group,3,0,10,0
the ventures caravan,3,0,10,0
ventures lead guitarist,3,n/a,n/a,n/a
drummer ventures,3,0,10,0
bob bogle bass,3,0,10,0
venture song,3,0,10,0
ventures hits,3,0,10,0
the ventures drummer,3,0,10,0
venture songs,3,0,10,0
the ventures discogs,3,0,10,0
the ventures hits,3,0,10,0
musical group the ventures,3,n/a,n/a,n/a
ventures in japan,3,0,10,0
ventures electric guitar,3,n/a,n/a,n/a
best of the ventures,3,0,10,0
youtube pipeline ventures,3,0,10,0
who originally did ventures,3,0,10,0
who are the ventures,3,n/a,n/a,n/a
where are the ventures rock group today,3,0,10,0
very best of the ventures,3,n/a,n/a,n/a
venturing meaning in english,3,n/a,n/a,n/a
ventures top albums,3,0,10,0
ventures instrumental hits,3,0,10,0
ventures guitar music,3,n/a,n/a,n/a
ventures greatest,3,n/a,n/a,n/a
ventures don wilson,3,0,10,0
ventures bass player,3,n/a,n/a,n/a
venture out in a sentence,3,n/a,n/a,n/a
venture into meaning,3,0,10,0
ventures the,3,n/a,n/a,n/a
the ventures perfidia other recordings of this song,3,n/a,n/a,n/a
the ventures songs youtube,3,0,10,0
the ventures tequila,3,101,200,111.4695512
venturists definition,3,0,10,0
venturing meaning in tamil,3,n/a,n/a,n/a
venturing dictionary,3,0,10,0
ventures spell,3,0,10,0
ventured into,3,0,10,0
venture together,3,n/a,n/a,n/a
venture outside meaning,3,0,10,0
venture means in english,3,n/a,n/a,n/a
venture meaning in telugu,3,0,10,0
venture house meaning,3,n/a,n/a,n/a
venture forth synonym,3,0,10,0
venture forth meaning in hindi,3,n/a,n/a,n/a
venture enterprise definition,3,n/a,n/a,n/a
venture dictionary meaning,3,n/a,n/a,n/a
venture dictionary,3,0,10,0
ventures seattle pike place market,3,n/a,n/a,n/a
ventures nonprofit staff,3,n/a,n/a,n/a
youtube the ventures full album,3,0,10,0
who was in the ventures,3,0,10,0
ventures hits cd,3,n/a,n/a,n/a
ventures cd hits,3,n/a,n/a,n/a
ventures first drummer,3,0,10,0
venture personnel,3,n/a,n/a,n/a
venture company,3,51,100,82.43667792
music venture,3,0,10,0
business venture,3,201,500,444.7229722
at a venture,3,0,10,0
ventures song list,3,0,10,0
venture store,3,501,850,572.3409706
what is a venture backed startup?,3,n/a,n/a,n/a
what is a business venture?,3,n/a,n/a,n/a
when did venture close?,3,n/a,n/a,n/a
the ventures walk don't run album,3,0,10,0
venture card,3,1701,2900,2008.660109
venture blog,3,11,50,27.24240562
what do you mean by venture?,3,n/a,n/a,n/a
is don wilson of the ventures still alive?,3,n/a,n/a,n/a
what guitars did the ventures play?,3,0,10,1
are the ventures in the rock and roll hall of fame?,3,n/a,n/a,n/a
venture communications email,3,0,10,0
how do you use the word venture in a sentence?,3,n/a,n/a,n/a
what is the mean of venture?,3,n/a,n/a,n/a
what do we mean by new venture?,3,n/a,n/a,n/a
who were the original ventures?,3,n/a,n/a,n/a
where are the ventures from?,3,n/a,n/a,n/a
who played drums for the ventures?,3,n/a,n/a,n/a
who was the original drummer for the ventures?,3,n/a,n/a,n/a
who recorded walk dont run?,3,n/a,n/a,n/a
who wrote the song walk don't run?,3,n/a,n/a,n/a
what guitars did the ventures use?,3,n/a,n/a,n/a
who was the drummer for the ventures?,3,n/a,n/a,n/a
what kind of guitars did the ventures use?,3,n/a,n/a,n/a
are any of the ventures still alive?,3,n/a,n/a,n/a
when did nokie edwards die?,3,n/a,n/a,n/a
how old is don wilson of the ventures?,3,n/a,n/a,n/a
what amps did the ventures use?,3,n/a,n/a,n/a
what guitar did the ventures play?,3,n/a,n/a,n/a
how did nokie edwards die?,3,n/a,n/a,n/a
who wrote walk dont run?,3,n/a,n/a,n/a
who were the original members of the ventures?,3,0,10,0
who did the song wipeout?,3,0,10,0
what kind of guitar did the ventures play?,3,n/a,n/a,n/a
who were the drummers for the ventures?,3,n/a,n/a,n/a
what guitar did the ventures use?,3,0,10,0
who is the drummer for the ventures?,3,n/a,n/a,n/a
is nokie edwards still alive?,3,n/a,n/a,n/a
who did telstar?,3,n/a,n/a,n/a
who performed apache?,3,n/a,n/a,n/a
who has the most #1 hits?,3,0,10,0
what are the 16 types of chart?,3,0,10,0
how is the billboard top 100 determined?,3,n/a,n/a,n/a
what song was on the billboard chart number one spot the longest?,3,n/a,n/a,n/a
what is the difference between venture and adventure?,3,0,10,0
what is an entrepreneurial venture?,3,n/a,n/a,n/a
what does dare to venture mean?,3,n/a,n/a,n/a
what is an antonym for venture?,3,0,10,0
what does economic venture mean?,3,n/a,n/a,n/a
what is venturing bsa?,3,n/a,n/a,n/a
what does new venture mean?,3,n/a,n/a,n/a
who sang pipeline?,3,n/a,n/a,n/a
who recorded pipeline?,3,n/a,n/a,n/a
who wrote pipeline?,3,0,10,0
who originally did apache?,3,n/a,n/a,n/a
what movie had the song apache in it?,3,n/a,n/a,n/a
what kind of guitars did the ventures play?,3,n/a,n/a,n/a
who originally did pipeline?,3,n/a,n/a,n/a
who wrote the instrumental pipeline?,3,n/a,n/a,n/a
who sang the song pipeline?,3,n/a,n/a,n/a
who played in the ventures?,3,n/a,n/a,n/a
who did the song apache?,3,n/a,n/a,n/a
who wrote the instrumental song apache?,3,n/a,n/a,n/a
what songs did the ventures write?,3,n/a,n/a,n/a
what group played wipeout?,3,n/a,n/a,n/a
who was the drummer for the song wipeout?,3,n/a,n/a,n/a
is wipeout a reality show?,3,n/a,n/a,n/a
who sang the song apache?,3,n/a,n/a,n/a
who did the original version of apache?,3,n/a,n/a,n/a
what year did the song apache come out?,3,n/a,n/a,n/a
who recorded the song apache?,3,n/a,n/a,n/a
what song does apache sample?,3,n/a,n/a,n/a
who did the song telstar?,3,n/a,n/a,n/a
when did the song telstar come out?,3,n/a,n/a,n/a
who did pipeline song?,3,n/a,n/a,n/a
what is a venture,3,11,50,27.24240562
ventures in spanish,3,0,10,0
venture capital,3,4301,6500,6460.915777
google venture,3,0,10,0
venture in business,2,0,10,0
to venture,2,11,50,23.54436116
venture in,2,0,10,0
ventures arcade level 1,2,0,10,0
venture to,2,0,10,10.5370846
venture on,2,0,10,0
a venture,2,0,10,0
venture best,2,0,10,0
ventures inc,2,0,10,1
ventures christmas album,2,0,10,0
ventures truck parts,2,0,10,10.5370846
ventures wipe out,2,0,10,0
how do you use the word venture?,2,n/a,n/a,n/a
what are new ventures?,2,n/a,n/a,n/a
what is the definition of economic venture?,2,n/a,n/a,n/a
what is global business venture?,2,n/a,n/a,n/a
what is a ventura?,2,n/a,n/a,n/a
what are commercial ventures?,2,n/a,n/a,n/a
what is a vc investor?,2,n/a,n/a,n/a
what is description of venture in a business plan?,2,n/a,n/a,n/a
what is small entrepreneur?,2,n/a,n/a,n/a
what is the difference between a startup and a small business?,2,n/a,n/a,n/a
what is a venture in business?,2,n/a,n/a,n/a
what does pre venture mean?,2,n/a,n/a,n/a
what is a new venture?,2,n/a,n/a,n/a
what do you mean by new venture?,2,n/a,n/a,n/a
what does diminutive stature mean?,2,0,10,0
venture capital financing,2,11,50,46.85480075
venture companies,2,0,10,10.5370846
what is venture,2,0,10,0
ventures rewards stw,2,n/a,n/a,n/a
the ventures model,2,n/a,n/a,n/a
the ventures japan,2,0,10,0
nutty by the ventures,2,n/a,n/a,n/a
the ventures album 1961,2,n/a,n/a,n/a
don wilson the ventures bio,2,n/a,n/a,n/a
those who venture band,2,0,10,0
don wilson ventures born,2,n/a,n/a,n/a
the ventures album track listing,2,0,10,0
how many albums did the ventures release,2,0,10,0
the ventures photos,2,0,10,0
surfing the ventures,2,n/a,n/a,n/a
play guitar with the ventures wiki,2,0,10,0
surfing song by joe barile,2,0,10,0
the ventures telstar billboard,2,0,10,0
bob bogle the ventures,2,0,10,0
venture youtube,2,0,10,0
ventures albums,2,11,50,27.24240562
youtube ventures,2,0,10,0
the ventures movie,2,n/a,n/a,n/a
nokie edwards,2,101,200,163.1089219
the ventures in space,2,0,10,10.5370846
the ventures - the album that never was,2,n/a,n/a,n/a
what do funds lawyers do?,2,n/a,n/a,n/a
how do venture capital funds make money?,2,n/a,n/a,n/a
why are venture capital funds typically organized as limited partnerships?,2,n/a,n/a,n/a
how do vc management fees work?,2,n/a,n/a,n/a
what does it mean to recycle capital?,2,n/a,n/a,n/a
do vc funds have hurdle rates?,2,n/a,n/a,n/a
is venture capital regulated?,2,n/a,n/a,n/a
what is a bhenchod?,2,0,10,0
what is the root word of venture?,2,n/a,n/a,n/a
what does venture mean in business?,2,n/a,n/a,n/a
what does it mean by venture?,2,n/a,n/a,n/a
what is the meaning of venture in english?,2,n/a,n/a,n/a
what is a commercial venture?,2,n/a,n/a,n/a
what is the best definition of the word ventured?,2,n/a,n/a,n/a
what is the synonym of venture?,2,0,10,0
venture sentence,2,51,100,91.92299653
venture antonym,2,0,10,0
adventure definition,2,851,1700,879.9813819
how to pronounce venture,2,0,10,10.5370846
adventure meaning,2,201,500,370.5235934
the venture guitar,2,0,10,0
bob bogle,2,11,50,27.24240562
how to play apache by the ventures,2,0,10,0
the ventures wipe out,2,501,850,559.3830425
mosrite ventures guitar,2,0,10,1
mosrite ventures copy,2,n/a,n/a,n/a
the ventures perfidia,2,0,10,0
the ventures live in japan 65 vinyl,2,n/a,n/a,n/a
the ventures slaughter on tenth avenue,2,0,10,0
the ventures - (the) ventures in space,2,n/a,n/a,n/a
the ventures golden greats,2,11,50,23.54436116
the ventures the fabulous ventures,2,0,10,0
the ventures the horse album,2,n/a,n/a,n/a
the ventures hawaii five o,2,51,100,82.43667792
boston bruins theme song,2,0,10,0
mel taylor,2,51,100,73.16401442
the ventures walk don t run expanded edition,2,n/a,n/a,n/a
"george t. babbitt, jr.",2,0,10,0
the ventures albums free download,2,n/a,n/a,n/a
the ventures surfing songs,2,0,10,0
apache youtube ventures,2,0,10,0
the. ventures. 2018,2,n/a,n/a,n/a
don wilson staci layne wilson,2,0,10,0
bob bogle walmart,2,0,10,0
bob bogle tribune,2,0,10,10.5370846
the ventures band goa,2,n/a,n/a,n/a
billboard album chart,2,11,50,23.54436116
the ventures hawaii five-o,2,11,50,23.54436116
the ventures merchandise,2,n/a,n/a,n/a
apache venture,2,n/a,n/a,n/a
play with the ventures,2,n/a,n/a,n/a
pipeline venture,2,11,50,27.24240562
leon taylor the ventures,2,0,10,0
best ventures songs,2,0,10,0
the ventures greatest hits cd free download,2,n/a,n/a,n/a
pipeline ventures original,2,0,10,0
the ventures greatest hits list,2,0,10,0
ventures discography at discogs,2,n/a,n/a,n/a
the ventures mp3,2,n/a,n/a,n/a
pipeline mp3 download,2,0,10,0
the ventures greatest hits 1980,2,n/a,n/a,n/a
the ventures apache album,2,0,10,0
the ventures surf rock,2,0,10,0
the ventures greatest hits album,2,n/a,n/a,n/a
the ventures greatest hits cd,2,n/a,n/a,n/a
the ventures album with 29 songs,2,0,10,0
the ventures very best of,2,n/a,n/a,n/a
the ventures nutty,2,0,10,0
album the ventures,2,n/a,n/a,n/a
alive ventures,2,n/a,n/a,n/a
the ventures pipeline original,2,n/a,n/a,n/a
the ventures 1961 album,2,n/a,n/a,n/a
howie johnson ventures,2,0,10,0
the ventures don wilson,2,0,10,1
the ventures official site,2,0,10,0
the ventures official website,2,n/a,n/a,n/a
the ventures record,2,n/a,n/a,n/a
the ventures all albums,2,n/a,n/a,n/a
the ventures records,2,n/a,n/a,n/a
the ventures japan tour,2,n/a,n/a,n/a
the best of the chantays,2,n/a,n/a,n/a
the ventures pipeline album,2,n/a,n/a,n/a
the ventures albums list,2,n/a,n/a,n/a
the ventures rock band,2,n/a,n/a,n/a
the very best of the ventures cd,2,n/a,n/a,n/a
leon taylor singer,2,n/a,n/a,n/a
the ventures surf,2,n/a,n/a,n/a
the ventures christmas album wiki,2,n/a,n/a,n/a
pipeline the song,2,0,10,0
pipeline by ventures,2,n/a,n/a,n/a
the ventures 1960,2,0,10,0
the ventures video,2,n/a,n/a,n/a
you tube ventures,2,0,10,0
play the ventures,2,n/a,n/a,n/a
bob spalding ventures,2,0,10,0
pipeline mp3,2,0,10,0
the ventures album,2,0,10,0
the ventures today,2,0,10,0
nutty ventures,2,0,10,0
the ventures top hits,2,0,10,0
don wilson mel taylor,2,0,10,0
apache song ventures,2,0,10,0
nokie edwards don wilson of the ventures,2,0,10,0
perfidia the ventures,2,51,100,91.92299653
song apache by the ventures,2,0,10,0
venture pipeline,2,0,10,0
ventures where the action is torrent,2,0,10,0
wipeout ventures,2,51,100,64.12552706
apache ventures,2,0,10,0
pipeline the ventures,2,0,10,0
the ventures full albums,2,0,10,0
the ventures full album,2,0,10,0
ventures greatest hits cd,2,0,10,0
telstar the ventures,2,0,10,0
youtube ventures apache,2,0,10,1
ventures lp,2,0,10,0
pipeline by the ventures,2,0,10,0
ventures greatest hits,2,0,10,0
ventures discography,2,0,10,10.5370846
telstar ventures,2,0,10,0
ventures telstar,2,0,10,0
pipeline ventures,2,51,100,82.43667792
the ventures songs list,2,0,10,0
songs of the ventures,2,n/a,n/a,n/a
music ventures,2,0,10,0
don wilson ventures net worth,2,0,10,0
music the ventures,2,n/a,n/a,n/a
how did the ventures get the hawaii five o gear,2,0,10,0
music by the ventures,2,0,10,0
noble venture meaning,2,n/a,n/a,n/a
venture into the unknown,2,0,10,0
venture into sentence,2,n/a,n/a,n/a
merriam webster venture,2,n/a,n/a,n/a
description of venture,2,n/a,n/a,n/a
venture in a short sentence,2,0,10,0
business venture wikipedia,2,n/a,n/a,n/a
type of business venture,2,11,50,27.24240562
define adventure,2,101,200,142.0282905
venturer synonym,2,0,10,1
adventurer meaning,2,11,50,30.89866149
venturer company,2,0,10,0
dependables definition,2,0,10,0
voyager meaning,2,51,100,64.12552706
venture capitalist,2,4301,6500,6279.107783
the ventures 2019,2,n/a,n/a,n/a
where are the ventures today,2,n/a,n/a,n/a
ventures orchestra,2,n/a,n/a,n/a
ventures song videos,2,n/a,n/a,n/a
ventures band you tube,2,n/a,n/a,n/a
the ventures pipeline mp3 free download,2,0,10,0
chantays pipeline video,2,0,10,0
pipeline song lyrics,2,11,50,23.54436116
the chantays pipeline live,2,n/a,n/a,n/a
the chantays pipeline the chantays,2,0,10,0
the very best of the ventures,2,0,10,0
the best of the ventures,2,11,50,16.71429414
the very best of the ventures vinyl,2,n/a,n/a,n/a
venture online payment,2,n/a,n/a,n/a
the shadows apache 1964,2,n/a,n/a,n/a
apache guitar,2,0,10,10.5370846
play guitar with the ventures download,2,n/a,n/a,n/a
play guitar with the ventures lp,2,0,10,0
play guitar with the ventures album,2,n/a,n/a,n/a
pipeline venture capital,2,n/a,n/a,n/a
2000 pound to kg,2,0,10,0
2000 pounds,2,201,500,310.3348284
ventures greatest hits full album,2,n/a,n/a,n/a
pipeline song,2,201,500,322.2403412
the ventures the album that never was,2,n/a,n/a,n/a
the ventures gold,2,0,10,0
graffiti the song by the ventures,2,n/a,n/a,n/a
pipeline songs youtube,2,0,10,0
ventures tequila mp3 download,2,n/a,n/a,n/a
walk don't run lyrics,2,0,10,0
johnny smith walk don't run,2,0,10,0
discogs ventures christmas,2,n/a,n/a,n/a
the ventures mp3 collection free download,2,0,10,0
#VALUE!,2,n/a,n/a,n/a
ventures best songs,2,n/a,n/a,n/a
ventures bio,2,n/a,n/a,n/a
apache the shadows lyrics,2,n/a,n/a,n/a
a pop night with the ventures vol 3,2,n/a,n/a,n/a
telstar song lyrics,2,0,10,0
telstar song remix,2,n/a,n/a,n/a
golden greats by the ventures mp3 free download,2,n/a,n/a,n/a
ventures golden greats cover model,2,11,50,23.54436116
the ventures christmas album,2,101,200,101.6055892
the ventures go with the ventures!,2,11,50,27.24240562
the ventures japan tour 1993,2,n/a,n/a,n/a
the ventures – wipe out,2,0,10,0
the ventures the very best of the ventures songs,2,0,10,0
the ventures the ventures in space,2,0,10,0
stevie ray vaughan pipeline,2,51,100,73.16401442
leon taylor soccer,2,0,10,0
go with the ventures,2,0,10,0
the shadows walk don't run,2,0,10,0
walk don't run chords,2,201,500,217.8664032
the ventures walk don t run expanded edition songs,2,n/a,n/a,n/a
the ventures walk don't run other recordings of this song,2,0,10,0
the chantays pipeline other recordings of this song,2,0,10,1
wipeout song,2,1701,2900,2556.36235
wipeout song drums,2,11,50,23.54436116
wipeout song youtube,2,0,10,1
the surfaris,2,11,50,38.68984882
wipeout youtube,2,11,50,27.24240562
the ventures live,2,0,10,0
the ventures moonshine and music,2,n/a,n/a,n/a
pipeline chantays,2,11,50,16.71429414
mel taylor radio,2,0,10,0
mel taylor pimp,2,51,100,64.12552706
the ventures the ventures play telstar and the lonely bull,2,0,10,0
the ventures the ventures a go-go,2,0,10,0
nokie edwards funeral,2,0,10,0
nokie edwards net worth,2,0,10,0
hitchhiker guitars,2,0,10,1
perfidia youtube,2,0,10,10.5370846
the shadows apache,2,51,100,55.34579958
apache song youtube,2,0,10,1
dla piper venture pipeline,2,0,10,0
pipeline song youtube,2,0,10,0
the ventures another smash!!!,2,n/a,n/a,n/a
the ventures full albums youtube,2,n/a,n/a,n/a
the ventures members today,2,n/a,n/a,n/a
the ventures live in seattle,2,n/a,n/a,n/a
the ventures greatest hits 2018,2,n/a,n/a,n/a
the tornados telstar,2,51,100,64.12552706
the tornados the original telstar: the sounds of the tornadoes,2,0,10,0
1962 tornadoes hit,2,0,10,0
2008 rock and roll hall of fame,2,0,10,0
yes rock and roll hall of fame,2,0,10,0
survivor rock and roll hall of fame,2,0,10,0
king crimson rock and roll hall of fame,2,0,10,1
the ventures knock me out lp,2,0,10,0
nokie edwards guitar gear,2,0,10,0
ventures 1961,2,n/a,n/a,n/a
the ventures 1968,2,n/a,n/a,n/a
the tornados the original telstar the sounds of the tornadoes,2,0,10,0
telstar song,2,201,500,358.3577746
1962 telstar,2,0,10,0
pipeline ventures live,2,n/a,n/a,n/a
the ventures latest album,2,n/a,n/a,n/a
ventures albums list,2,n/a,n/a,n/a
the ventures guitar rig,2,0,10,0
the ventures guitar strap,2,n/a,n/a,n/a
mosrite guitars,2,101,200,131.6915328
gerry mcgee rgu,2,n/a,n/a,n/a
what is a venture company?,2,n/a,n/a,n/a
what is the meaning of ventured out?,2,n/a,n/a,n/a
what is the root word of adventure?,2,n/a,n/a,n/a
what is the adjective of adventure?,2,n/a,n/a,n/a
what part of speech is adventure?,2,n/a,n/a,n/a
what does voyager mean?,2,n/a,n/a,n/a
what is a co venture?,2,n/a,n/a,n/a
what do you mean by commercial?,2,n/a,n/a,n/a
what are some good business ideas?,2,n/a,n/a,n/a
what does my squad mean?,2,n/a,n/a,n/a
what does it mean to venture out?,2,n/a,n/a,n/a
what part of speech is the word venture?,2,n/a,n/a,n/a
what is an adventurist?,2,n/a,n/a,n/a
where do venture capitalists get money?,2,n/a,n/a,n/a
what do venture capitalists do?,2,0,10,0
ventures songs list,2,0,10,0
business ventures,2,101,200,142.0282905
venture preposition,2,n/a,n/a,n/a
venturing into,2,0,10,0
venture an opinion,2,0,10,0
small venture meaning,2,n/a,n/a,n/a
meaning of venturing,2,n/a,n/a,n/a
what is the meaning of venturing,2,n/a,n/a,n/a
family venture meaning,2,0,10,0
personal venture meaning,2,n/a,n/a,n/a
ventures into,2,0,10,0
venturers definition,2,0,10,0
what do venture capital lawyers do,2,0,10,0
recycling venture,2,0,10,0
venture capital law,2,11,50,27.24240562
define reventure,2,n/a,n/a,n/a
opposite of calibrated,2,0,10,0
spelling venture,2,0,10,0
how do you spell venture,2,n/a,n/a,n/a
what is the meaning of ventured,2,0,10,10.5370846
definition of the word venture,2,0,10,0
the meaning of ventured,2,n/a,n/a,n/a
scientific venture definition,2,n/a,n/a,n/a
eventure meaning,2,0,10,0
venturer meaning,2,0,10,0
venture into the city,2,0,10,0
entrepreneurial venture examples,2,0,10,0
dream venture meaning,2,n/a,n/a,n/a
venture company meaning,2,0,10,0
venturing out meaning,2,0,10,0
venturing synonym,2,11,50,27.24240562
venturing antonym,2,0,10,0
venture meaning in punjabi,2,n/a,n/a,n/a
venturing meaning,2,0,10,0
food venture meaning,2,n/a,n/a,n/a
enterprise meaning,2,851,1700,1102.63257
english in edinburgh,2,n/a,n/a,n/a
free english classes edinburgh,2,n/a,n/a,n/a
alba english,2,n/a,n/a,n/a
academic english edinburgh,2,n/a,n/a,n/a
concept of new venture,2,n/a,n/a,n/a
new venture entrepreneurship,2,0,10,0
new venture creation definition,2,0,10,0
to venture into meaning in hindi,2,n/a,n/a,n/a
solo venture,2,0,10,0
venture forth game,2,n/a,n/a,n/a
joint venturer,2,0,10,1
centrics definition,2,51,100,64.12552706
venture capital lawyer salary,2,0,10,0
venture capital law firm,2,0,10,0
venture capital legal internship,2,0,10,0
lawyers turned investors,2,n/a,n/a,n/a
cooley venture capital,2,0,10,0
what does a venture capitalist do,2,0,10,0
best law schools for venture capital,2,0,10,0
what do venture capital firms do,2,0,10,0
what is capital recycling,2,0,10,0
recycling management fees,2,n/a,n/a,n/a
venture capital management fees,2,0,10,0
venture capital carry calculation,2,0,10,0
venture fund model,2,0,10,0
recycling distributions private equity,2,n/a,n/a,n/a
tiered carried interest,2,n/a,n/a,n/a
gp lp incentives,2,n/a,n/a,n/a
venture capital law firms,2,0,10,0
venture capital law book,2,n/a,n/a,n/a
venture capital practice,2,0,10,0
sec regulations venture capital,2,0,10,0
venture capital fund legal structure,2,0,10,0
venture capital law firms in dc,2,n/a,n/a,n/a
top startup law firms,2,0,10,0
venture meaning in malayalam,2,0,10,0
venturist meaning,2,0,10,0
uncalibrated,2,51,100,64.12552706
fray opposite,2,n/a,n/a,n/a
well- calibrated synonym,2,n/a,n/a,n/a
miscalibrated,2,51,100,91.92299653
calibrate meaning in english,2,0,10,0
venture house staten island,2,0,10,1
venture house jobs,2,0,10,0
venture meaning in arabic,2,n/a,n/a,n/a
better ventures careers,2,n/a,n/a,n/a
ventured out meaning in hindi,2,n/a,n/a,n/a
venture google translate,2,n/a,n/a,n/a
venture in italian,2,n/a,n/a,n/a
iglesia venture en espanol,2,n/a,n/a,n/a
google capital,2,0,10,10.5370846
ventures company,2,0,10,0
ventures walk don't run 64,2,0,10,0
top class ventures,2,n/a,n/a,n/a
this old house ventures,2,0,10,0
ami ventures,2,51,100,82.43667792
vivid ventures,2,n/a,n/a,n/a
roman ventures,2,11,50,23.54436116
ventureshield,2,0,10,0
venturesome economy,2,n/a,n/a,n/a
ventures basic,2,0,10,0
ventures ff14,2,0,10,0
ventures foundation,2,n/a,n/a,n/a
how much are venture miles worth?,2,0,10,0
how do i redeem capital one venture miles?,2,0,10,0
what are the most popular business?,2,n/a,n/a,n/a
what are some business opportunities?,2,n/a,n/a,n/a
what is an entrepreneur's new web venture?,2,n/a,n/a,n/a
who are some successful entrepreneurs?,2,n/a,n/a,n/a
how do you get company seals in final fantasy 14?,2,n/a,n/a,n/a
how do you get ventures?,2,n/a,n/a,n/a
what is a venture ffxiv?,2,n/a,n/a,n/a
how do i hire a retainer ffxiv?,2,n/a,n/a,n/a
how can a beginner start running?,2,n/a,n/a,n/a
where was walk dont run filmed?,2,n/a,n/a,n/a
who originally performed wipeout?,2,n/a,n/a,n/a
who was the drummer on wipeout?,2,n/a,n/a,n/a
who hosts wipeout?,2,n/a,n/a,n/a
ventures hawaii five-o,2,0,10,0
ventures travel,2,0,10,0
meaning of ventured,2,0,10,0
ventured out,2,0,10,0
micro loans seattle,2,n/a,n/a,n/a
volunteer ventures,2,n/a,n/a,n/a
microlending seattle,2,n/a,n/a,n/a
kitchen ventures,2,0,10,0
startup studio seattle,2,0,10,0
ventures loan management,2,0,10,0
ventures pike place market,2,0,10,0
pioneer square labs seattle,2,0,10,1
venture promissory note ff14,2,11,50,27.24240562
where to spend company seals ffxiv,2,0,10,0
the ventures live in japan 2004,2,n/a,n/a,n/a
penetration surf song,2,0,10,10.5370846
the pyramids surf,2,n/a,n/a,n/a
surf ventures,2,0,10,0
2000 pound bee ventures,2,n/a,n/a,n/a
surf music hits from california,2,n/a,n/a,n/a
the ventures 45th anniversary,2,n/a,n/a,n/a
the ventures a go go lp,2,n/a,n/a,n/a
the ventures go,2,n/a,n/a,n/a
walk don't run album,2,n/a,n/a,n/a
batman theme the ventures,2,n/a,n/a,n/a
play with the ventures cd,2,n/a,n/a,n/a
the ventures 45,2,n/a,n/a,n/a
the ventures in space album,2,n/a,n/a,n/a
the ventures a go go album,2,n/a,n/a,n/a
the ventures a go go dancer,2,n/a,n/a,n/a
swingin creepers,2,n/a,n/a,n/a
ventures free listening,2,n/a,n/a,n/a
perfidy song,2,n/a,n/a,n/a
the ventures walk don t run album,2,n/a,n/a,n/a
venture capital in spanish,2,0,10,0
venture in french,2,0,10,0
venture in latin,2,0,10,0
venture translate chinese,2,n/a,n/a,n/a
another word for venture into,2,n/a,n/a,n/a
ventured synonyms,2,11,50,27.24240562
corporate venture synonym,2,0,10,1
aventure meaning,2,51,100,64.12552706
"""joint venturer""",2,0,10,0
the venture bros episodes,2,101,200,121.5019653
the venture bros season 7,2,0,10,0
online dictionary,2,4301,6500,5834.365619
micro loans portland oregon,2,n/a,n/a,n/a
seattle economic development fund,2,n/a,n/a,n/a
impact seattle,2,0,10,0
cdfi seattle,2,0,10,0
micro lending conference,2,n/a,n/a,n/a
washington state small business grants,2,0,10,0
volunteer venture wlu,2,n/a,n/a,n/a
ventures staff,2,n/a,n/a,n/a
ventures board of directors,2,n/a,n/a,n/a
ventures business basics,2,n/a,n/a,n/a
wa ventures,2,0,10,0
nonprofit organizations seattle,2,n/a,n/a,n/a
beto for seattle,2,0,10,0
commercial kitchen austin,2,0,10,0
commercial kitchen rental seattle,2,0,10,0
commercial kitchen rental austin,2,0,10,0
kitchen 1801,2,0,10,0
kent commissary kitchen,2,n/a,n/a,n/a
usi kitchen rental,2,n/a,n/a,n/a
which is true of blogs apex,2,0,10,0
nonprofit ventures,2,0,10,0
ventures network seattle,2,n/a,n/a,n/a
true ventures,2,201,500,206.7029367
ventures marketplace,2,0,10,0
capital one venture cash advance fee,2,0,10,0
business venture ideas,2,0,10,1
pioneer square labs linkedin,2,n/a,n/a,n/a
pioneer square labs venture,2,n/a,n/a,n/a
madrona venture labs,2,11,50,23.54436116
psl ventures,2,0,10,1
pioneer square investments,2,0,10,0
madrona venture group,2,101,200,121.5019653
pioneer square studios,2,n/a,n/a,n/a
venture capital blogs,2,0,10,1
best vc blogs 2018,2,n/a,n/a,n/a
avc blog,2,0,10,0
usv blog,2,0,10,0
a16z blog,2,0,10,0
julie sandler,2,0,10,0
pioneer square labs,2,11,50,23.54436116
comcast.com,2,6501,9300,8649.16581
gv,2,1701,2900,1918.670597
ventured,2,201,500,370.5235934
google ventures,2,201,500,407.374969
comcast logo,2,501,850,650.9008059
comcast office,2,851,1700,1216.046862
define venture,2,851,1700,1287.553399
what companies does google own,2,201,500,469.8781311
telstar song ventures,2,0,10,0
twist with the ventures song,2,n/a,n/a,n/a
surf rock ventures,2,0,10,0
the ventures 45th,2,n/a,n/a,n/a
best of the ventures cd,2,0,10,0
the ventures golden hits,2,n/a,n/a,n/a
twist with the ventures,2,0,10,0
the ventures biography,2,n/a,n/a,n/a
ventures album that never was,2,n/a,n/a,n/a
walk no run,2,n/a,n/a,n/a
ventures music cd,2,n/a,n/a,n/a
the ventures twist,2,n/a,n/a,n/a
the ventures surfing full album,2,n/a,n/a,n/a
the ventures amazon,2,n/a,n/a,n/a
run don't walk song,2,0,10,0
pipeline song ventures,2,0,10,0
the ventures walk,2,n/a,n/a,n/a
wipe out by the ventures,2,0,10,0
the ventures drum solo,2,n/a,n/a,n/a
ventures wipeout live,2,0,10,0
the ventures ghost riders in the sky,2,0,10,0
youtube walk don t run,2,n/a,n/a,n/a
the ventures music videos,2,n/a,n/a,n/a
the ventures in japan,2,0,10,0
the ventures in space review,2,0,10,0
the ventures wikipedia,2,0,10,1
the ventures twilight zone,2,0,10,0
the ventures videos,2,0,10,0
pipe line song,2,0,10,0
the ventures album full,2,0,10,0
what year did the song wipe out come out?,2,n/a,n/a,n/a
who played drums on wipeout?,2,n/a,n/a,n/a
what film is the song apache from?,2,n/a,n/a,n/a
when did the song apache come out?,2,n/a,n/a,n/a
who plays the song apache?,2,n/a,n/a,n/a
what is a mosrite guitar?,2,0,10,0
how old is nokie edwards?,2,n/a,n/a,n/a
was max weinberg in the ventures?,2,n/a,n/a,n/a
who performed the song wipeout?,2,n/a,n/a,n/a
what band played wipeout?,2,n/a,n/a,n/a
who did the song pipeline?,2,n/a,n/a,n/a
what year was walk don't run released?,2,n/a,n/a,n/a
who does the song sleepwalk?,2,n/a,n/a,n/a
who wrote sleep walk?,2,n/a,n/a,n/a
what does it mean to sleepwalk?,2,n/a,n/a,n/a
what movie is the song sleepwalk in?,2,n/a,n/a,n/a
cdc ventures login,2,n/a,n/a,n/a
ventures lending technologies,2,0,10,0
cdc small business finance,2,11,50,30.89866149
cdc loan,2,0,10,1
ventures loan software,2,n/a,n/a,n/a
ventures plus,2,n/a,n/a,n/a
cdc ventures winter garden fl,2,0,10,0
pike place market shops,2,11,50,38.68984882
pioneer square labs studio,2,n/a,n/a,n/a
traceme careers,2,0,10,0
ffxiv venture promissory note exchange,2,0,10,0
venture coins ffxiv,2,0,10,10.5370846
promissory notes ffxiv,2,0,10,0
black copper gil promissory note,2,0,10,0
ffxiv retainer venture tokens,2,n/a,n/a,n/a
ffxiv retainer venture loot,2,11,50,16.71429414
farm ventures ff14,2,0,10,0
ffxiv company seals,2,201,500,263.4448224
what to spend grand company seals on 2019,2,0,10,0
ffxiv grand company ranks,2,501,850,611.4516675
ffxiv fastest way to rank up grand company,2,0,10,1
ffxiv use company seals,2,n/a,n/a,n/a
ffxiv where to spend storm seals,2,0,10,0
ffxiv flame company,2,0,10,10.5370846
pyramids surf,2,0,10,0
the pyramids band jazz,2,0,10,0
penetration song lyrics,2,n/a,n/a,n/a
the pyramids reggae band,2,n/a,n/a,n/a
surf songs,2,11,50,27.24240562
youtube the pyramids band,2,n/a,n/a,n/a
the pyramids discogs,2,0,10,0
the pyramids discography,2,n/a,n/a,n/a
pyramids music,2,0,10,0
the ventures cruncher,2,n/a,n/a,n/a
the ventures the best of the ventures,2,11,50,27.24240562
surf music instrumental,2,0,10,10.5370846
60 surf anthology,2,n/a,n/a,n/a
surf rock compilation,2,0,10,0
2000 pounds to dollars,2,501,850,838.9379233
surf music songs,2,11,50,23.54436116
60s surf music,2,11,50,23.54436116
modern surf rock bands,2,0,10,0
surf rock bands 2018,2,0,10,1
surf songs 2017,2,n/a,n/a,n/a
50s 60s surf music,2,n/a,n/a,n/a
walk don't run ventures 1964,2,0,10,0
walk don't run vol 2,2,0,10,0
the ventures walk don't run chords,2,0,10,0
60s batman theme,2,0,10,0
batman tv theme,2,51,100,91.92299653
batman theme song mp3,2,0,10,0
ventures 007 theme,2,n/a,n/a,n/a
sleepwalk the ventures,2,0,10,0
the ventures wild things,2,0,10,0
walk don't run instrumental,2,0,10,0
walk don't run the best of the ventures,2,0,10,0
walk don't run 2000,2,n/a,n/a,n/a
walk don't run the very best of the ventures,2,n/a,n/a,n/a
perfidia reggae,2,0,10,0
perfidia alberto dominguez,2,0,10,0
perfidia los panchos,2,0,10,0
xavier cugat perfidia,2,11,50,38.68984882
perfidia meaning latin,2,0,10,0
the shadows telstar,2,0,10,0
the ventures a go go,2,0,10,0
ventures album free listening,2,n/a,n/a,n/a
instrumental surf rock,2,0,10,0
comcast headquarters,2,201,500,275.0521714
comcast corporate office,2,201,500,482.5287432
comcast location,2,501,850,624.564801
comcast ventures,2,201,500,217.8664032
comcast website,2,11,50,16.71429414
google reviews logo,2,101,200,121.5019653
comcast address,2,51,100,82.43667792
google headquarters phone number,2,51,100,64.12552706
comcast internships,2,101,200,111.4695512
frontier vs comcast,2,51,100,73.16401442
comcast corporate,2,51,100,73.16401442
comcast company,2,11,50,16.71429414
definition of venture,2,101,200,111.4695512
origin ventures,2,0,10,10.5370846
venture capital login,2,0,10,0
comcast offices,2,101,200,111.4695512
eventures,2,101,200,195.6403586
eventure,2,0,10,0
comcast mission statement,2,101,200,131.6915328
comcast boston,2,0,10,1
comcast investor relations,2,101,200,111.4695512
comcast hq,2,11,50,16.71429414
comcast headquarters address,2,11,50,30.89866149
venture department store,2,51,100,64.12552706
venture def,2,51,100,82.43667792
define ventures,2,0,10,1
comcast hiring,2,101,200,195.6403586
google investments,2,0,10,0
google ventures internship,2,0,10,0
comcast san francisco,2,51,100,64.12552706
venture define,2,101,200,111.4695512
comcast nbcuniversal careers,2,0,10,1
seattle nonprofits,2,0,10,0
comcast internship,2,101,200,131.6915328
www.google.com.ve,2,0,10,0
what does venture mean,2,101,200,131.6915328
venture means,2,11,50,27.24240562
google startup,2,51,100,55.34579958
google invest,2,11,50,23.54436116
comcast office locations,2,51,100,64.12552706
comcast corporate address,2,11,50,38.68984882
google europe website,2,0,10,1
youtube the ventures walk don't run,2,11,50,27.24240562
comcast philadelphia jobs,2,11,50,27.24240562
